Tipo,Numero
CC,2984001
CC,4193002
CC,5084003
CC,6105004
CC,7171005
CC,7222006
CC,7543007
CC,1019024555
CC,11294009
CC,11341010
CC,11408011
CC,14137012
CC,16640013
CC,20484014
CC,21848015
CC,22478016
CC,24167017
CC,28893018
CC,30393019
CC,31169020
CC,31179021
CC,32661022
CC,33376023
CC,34614024
CC,38850025
CC,43476026
CC,43736027
CC,45562028
CC,49689029
CC,50956030
CC,51600031
CC,51696032
CC,51871033
CC,52459034
CC,52739035
CC,53080036
CC,60402037
CC,63360038
CC,64556039
CC,71981040
CC,74362041
CC,79243042
CC,79428043
CC,79654044
CC,80025045
CC,80505046
CC,80527047
CC,80816048
CC,85475049
CC,91275050
CC,1014250051
CC,1015405052
CC,1018476053
CC,1020446054
CC,1020776055
CC,1026260056
CC,1030523057
CC,1032440058
CC,1037238059
CC,1046338060
CC,1047450061
CC,1048938062
CC,1049629063
CC,1053804064
CC,1055551065
CC,1057593066
CC,1063146067
CC,1067879068
CC,1075266069
CC,1077446070
CC,1085326071
CC,1093738072
CC,1093756073
CC,1094683074
CC,1098607075
CC,1098635076
CC,1098662077
CC,1098793078
CC,1115066079
CC,1118283080
CC,79117560
